{
    "accuracy": 0.33693693693693694,
    "precision": 0.33691728885950684,
    "recall": 0.33693693693693694,
    "f1_score": 0.3367888351933118,
    "step": 0
}
