{
    "accuracy": 0.3573873873873874,
    "precision": 0.3573774223690694,
    "recall": 0.3573873873873874,
    "f1_score": 0.3573807624283391,
    "step": 0
}
