{
    "accuracy": 0.3408288288288288,
    "precision": 0.34102140998595626,
    "recall": 0.3408288288288288,
    "f1_score": 0.34084305065903675,
    "step": 0
}
