{
    "accuracy": 0.3900900900900901,
    "precision": 0.39017500177712244,
    "recall": 0.3900900900900901,
    "f1_score": 0.39009444196214765,
    "step": 0
}
