{
    "accuracy": 0.43432432432432433,
    "precision": 0.43432670046767424,
    "recall": 0.43432432432432433,
    "f1_score": 0.4343159048289339,
    "step": 0
}
